[
    {
        "typeId": 1,
        "typeName": "拖拉机" 
    },{
        "typeId": 2,
        "typeName": "收割机" 
    },{
        "typeId": 3,
        "typeName": "打捆机" 
    },{
        "typeId": 4,
        "typeName": "脱粒机" 
    },{
        "typeId": 5,
        "typeName": "搅拌机" 
    },{
        "typeId": 6,
        "typeName": "播种机" 
    },{
        "typeId": 7,
        "typeName": "粉碎机" 
    },{
        "typeId": 8,
        "typeName": "烘干机" 
    }
]